f1-p,precision-p,recall-p,acc-p,f1-all,precision-all,recall-all,acc-all,final-f1,final-precision,final-recall,final-acc
"f1-0: 0.5158103137388592 +- 0.008768720315336799  f1-1: 0.47783319126186935 +- 0.008430481830865548  f1-2: 0.5189440322277317 +- 0.03806640385987303 ","precision-2: 0.5691221434393142 +- 0.029199940167871554  precision-1: 0.5635609699680812 +- 0.03155139566325069  precision-0: 0.6042281153058011 +- 0.005382722124228947 ","recall-0: 0.5898198672530349 +- 0.004205387590902429  recall-1: 0.5524492590847321 +- 0.001907710800938388  recall-2: 0.5824591702828682 +- 0.015176503932487118 ","acc-0: 0.5994295028524858 +- 0.008139765426013894  acc-1: 0.5338223308883455 +- 0.0074695610349728185  acc-2: 0.5957620211898941 +- 0.0074695610349728185 ","0.5041958457428201 +- 0.0281429663359791","0.5789704095710655 +- 0.028877703691890105","0.5749094322068784 +- 0.01888994050639298","0.5763379516435752 +- 0.03261511459456192","0.5376116596187692 +- 0.012913355415444703","0.6815199318333368 +- 0.015059960328599088","0.6197091269852883 +- 0.007799228239427916","0.6255093724531378 +- 0.0088437385550981"
